{
  "nodes": {
    "ReadImage#1": {
      "rfNode": {
        "position": {
          "x": 0,
          "y": 0
        }
      }
    },
    "ResizeImage#1": {
      "rfNode": {
        "position": {
          "x": 733.0453180016998,
          "y": -263.2022997450427
        }
      }
    },
    "Rotate#1": {
      "rfNode": {
        "position": {
          "x": 724.7583901784702,
          "y": 585.8067121427761
        }
      }
    },
    "Sharpen#1": {
      "rfNode": {
        "position": {
          "x": 1392.9863722539667,
          "y": -263.2022997450427
        }
      }
    },
    "GreyScale#1": {
      "contentWidth": 530,
      "rfNode": {
        "position": {
          "x": 1358.3730812081517,
          "y": 636.4983603156503
        }
      }
    },
    "Blur#1": {
      "rfNode": {
        "position": {
          "x": 1902.3730812081517,
          "y": -275.8166754885671
        }
      }
    },
    "Flip#1": {
      "rfNode": {
        "position": {
          "x": 2145,
          "y": 660
        }
      }
    },
    "Flop#1": {
      "rfNode": {
        "position": {
          "x": 2712.500647029828,
          "y": 660
        }
      }
    },
    "url_to_path#1": {
      "contentWidth": 450,
      "rfNode": {
        "position": {
          "x": -617.0473810329142,
          "y": 188.44551746879014
        }
      }
    }
  }
}