{
  "nodes": {
    "ReadImage#1": {
      "rfNode": {
        "position": {
          "x": 106.1834499593869,
          "y": 519.375570453523
        }
      }
    },
    "GreyScale#1": {
      "contentWidth": 530,
      "rfNode": {
        "position": {
          "x": 604.266957778602,
          "y": 528.2082509107945
        }
      }
    },
    "url_to_file#1": {
      "contentWidth": 450,
      "rfNode": {
        "position": {
          "x": -656.1943230168314,
          "y": 366.20825091079445
        }
      }
    }
  }
}